x,y,name,ddem,green,lateral,longitudinal,rgb,tri,vari,wa,class
761964.5991257748,5348464.406708236,kb1902_01,3.0010454654693604,248.0,-0.0488031804561615,0.9988079071044922,246.0,0.020765753462910652,56.95435333251953,2.023484945297241,2.0
761964.6687357802,5348464.406708236,kb1902_01,2.9900174140930176,246.0,-0.048655085265636444,0.99881511926651,244.0,0.020765753462910652,75.63732147216797,1.9614709615707397,2.0
761964.7383457858,5348464.406708236,kb1902_01,2.98701548576355,239.0,-0.04850699007511139,0.9988223314285278,237.0,0.020765753462910652,83.84999084472656,1.8999831676483154,2.0
761964.8079557912,5348464.406708236,kb1902_01,2.988011360168457,233.0,-0.048358891159296036,0.9988295435905457,232.0,0.020765753462910652,112.53327941894531,1.8390746116638184,2.0
761964.8775657966,5348464.406708236,kb1902_01,2.98000431060791,235.0,-0.04821079224348068,0.9988366961479187,235.0,0.020765753462910652,136.64198303222656,1.7788045406341553,2.0
761964.9471758018,5348464.406708236,kb1902_01,2.9729628562927246,239.0,-0.04806269332766533,0.9988438487052917,239.0,0.020765753462910652,152.5293731689453,1.7192400693893433,2.0
761965.0167858074,5348464.406708236,kb1902_01,2.9729628562927246,242.0,-0.04791459068655968,0.99885094165802,241.0,0.020765753462910652,129.50677490234375,1.6604576110839844,2.0
761964.5295157696,5348464.337098233,kb1902_01,3.003868818283081,250.0,-0.048832621425390244,0.9988064765930176,247.0,0.020765753462910652,52.059051513671875,2.055558681488037,2.0
761964.5991257748,5348464.337098233,kb1902_01,3.0008668899536133,244.0,-0.04868452623486519,0.9988136887550354,241.0,0.020765753462910652,60.08100509643555,1.9933271408081055,2.0
761964.6687357802,5348464.337098233,kb1902_01,2.9888317584991455,237.0,-0.048536431044340134,0.9988209009170532,235.0,0.020765753462910652,87.6673355102539,1.9303443431854248,2.0
761964.7383457858,5348464.337098233,kb1902_01,2.9878439903259277,236.0,-0.04838833212852478,0.998828113079071,235.0,0.020765753462910652,95.23895263671875,1.8678323030471802,2.0
761964.8079557912,5348464.337098233,kb1902_01,2.986825704574585,232.0,-0.04824023321270943,0.9988352656364441,232.0,0.020765753462910652,105.8738784790039,1.8058395385742188,2.0
761964.8775657966,5348464.337098233,kb1902_01,2.978818893432617,229.0,-0.048092134296894073,0.9988424181938171,229.0,0.020765753462910652,113.6593246459961,1.7444216012954712,2.0
761964.9471758018,5348464.337098233,kb1902_01,2.9727842807769775,234.0,-0.04794403165578842,0.9988495111465454,234.0,0.020765753462910652,112.96269226074219,1.6836413145065308,2.0
761965.0167858074,5348464.337098233,kb1902_01,2.9727842807769775,236.0,-0.04338109865784645,0.9990581274032593,235.0,0.020765753462910652,108.67894744873047,1.623570203781128,2.0
761965.0863958129,5348464.337098233,kb1902_01,2.9607796669006348,233.0,-0.04323296621441841,0.999064564704895,231.0,0.020765753462910652,114.68827056884766,1.564290165901184,2.0
761964.4599057639,5348464.267488231,kb1902_01,3.0016872882843018,248.0,-0.04886206239461899,0.998805046081543,245.0,0.020765753462910652,56.048362731933594,2.0859782695770264,2.0
761964.5295157696,5348464.267488231,kb1902_01,3.005704402923584,235.0,-0.04871396720409393,0.9988122582435608,232.0,0.020765753462910652,62.61220932006836,2.023484945297241,2.0
761964.5991257748,5348464.267488231,kb1902_01,2.999681234359741,238.0,-0.04856586828827858,0.9988194704055786,238.0,0.020765753462910652,78.57694244384766,1.9614709615707397,2.0
761964.6687357802,5348464.267488231,kb1902_01,2.9876766204833984,243.0,-0.048417773097753525,0.9988266825675964,243.0,0.020765753462910652,87.87076568603516,1.8999831676483154,2.0
761964.7383457858,5348464.267488231,kb1902_01,2.9876654148101807,228.0,-0.04826967418193817,0.9988338351249695,229.0,0.020765753462910652,95.33319091796875,1.837756633758545,2.0
761964.8079557912,5348464.267488231,kb1902_01,2.985640048980713,220.0,-0.04812157154083252,0.9988409876823425,220.0,0.020765753462910652,97.06194305419922,1.7747137546539307,2.0
761964.8775657966,5348464.267488231,kb1902_01,2.977633237838745,222.0,-0.047973472625017166,0.9988481402397156,221.0,0.020765753462910652,96.24713897705078,1.7121796607971191,2.0
761964.9471758018,5348464.267488231,kb1902_01,2.9715988636016846,225.0,-0.04341054707765579,0.999056875705719,223.0,0.020765753462910652,89.53771209716797,1.6502121686935425,2.0
761965.0167858074,5348464.267488231,kb1902_01,2.9715988636016846,226.0,-0.04326241463422775,0.9990633130073547,222.0,0.020765753462910652,79.72269439697266,1.58887779712677,2.0
761965.1560058184,5348464.267488231,kb1902_01,2.953601360321045,230.0,-0.049335777759552,0.9987817406654358,228.0,0.020765753462910652,107.26607513427734,1.4684244394302368,2.0
761965.2256158239,5348464.267488231,kb1902_01,2.939582586288452,239.0,-0.049187686294317245,0.9987890720367432,237.0,0.020765753462910652,89.708251953125,1.4094951152801514,2.0
761964.4599057639,5348464.1978782285,kb1902_01,3.001508951187134,234.0,-0.04874340444803238,0.9988108277320862,233.0,0.020765753462910652,65.39802551269531,2.0472915172576904,2.0
761964.5295157696,5348464.1978782285,kb1902_01,3.005526065826416,247.0,-0.048595309257507324,0.998818039894104,247.0,0.020765753462910652,74.2962417602539,1.9908946752548218,2.0
761964.5991257748,5348464.1978782285,kb1902_01,2.997488498687744,250.0,-0.04844721034169197,0.9988252520561218,250.0,0.020765753462910652,88.77588653564453,1.9303443431854248,2.0
761964.6687357802,5348464.1978782285,kb1902_01,2.9864909648895264,234.0,-0.04829911142587662,0.9988324046134949,237.0,0.020765753462910652,92.56163024902344,1.8678323030471802,2.0
761964.7383457858,5348464.1978782285,kb1902_01,2.9864797592163086,225.0,-0.048151012510061264,0.9988395571708679,226.0,0.020765753462910652,91.9020004272461,1.8058395385742188,2.0
761964.8079557912,5348464.1978782285,kb1902_01,2.983477830886841,223.0,-0.04800291359424591,0.998846709728241,223.0,0.020765753462910652,103.17481994628906,1.7444216012954712,2.0
761964.8775657966,5348464.1978782285,kb1902_01,2.975440502166748,221.0,-0.043439991772174835,0.9990555644035339,218.0,0.020765753462910652,80.8165054321289,1.682201623916626,2.0
761964.9471758018,5348464.1978782285,kb1902_01,2.9704437255859375,223.0,-0.043291859328746796,0.9990620017051697,219.0,0.020765753462910652,75.51473999023438,1.6190873384475708,2.0
761965.0167858074,5348464.1978782285,kb1902_01,2.9704437255859375,226.0,-0.043143726885318756,0.9990684390068054,222.0,0.020765753462910652,79.65342712402344,1.5565268993377686,2.0
761965.0863958129,5348464.1978782285,kb1902_01,2.9594156742095947,239.0,-0.049365218728780746,0.9987803101539612,237.0,0.020765753462910652,118.33331298828125,1.494590163230896,2.0
761965.1560058184,5348464.1978782285,kb1902_01,2.951408863067627,238.0,-0.04921712726354599,0.9987875819206238,236.0,0.020765753462910652,89.74452209472656,1.4333577156066895,2.0
761965.2256158239,5348464.1978782285,kb1902_01,2.937390089035034,236.0,-0.049069032073020935,0.9987948536872864,234.0,0.020765753462910652,66.85877227783203,1.3729238510131836,2.0
761965.2952258291,5348464.1978782285,kb1902_01,2.9313974380493164,237.0,-0.04892094060778618,0.998802125453949,235.0,0.020765753462910652,64.63831329345703,1.313398838043213,2.0
761964.3902957586,5348464.128268225,kb1902_01,3.0023486614227295,246.0,-0.048772845417261124,0.9988093972206116,244.0,0.020765753462910652,72.06729888916016,2.0661392211914062,2.0
761964.4599057639,5348464.128268225,kb1902_01,3.0013303756713867,252.0,-0.04862475022673607,0.9988166093826294,252.0,0.020765753462910652,78.79796600341797,2.007859468460083,2.0
761964.5295157696,5348464.128268225,kb1902_01,3.005347490310669,248.0,-0.048476651310920715,0.9988238215446472,249.0,0.020765753462910652,85.41000366210938,1.9503226280212402,2.0
761964.5991257748,5348464.128268225,kb1902_01,2.996333599090576,237.0,-0.04832855239510536,0.9988309741020203,238.0,0.020765753462910652,80.41803741455078,1.8935967683792114,2.0
761964.6687357802,5348464.128268225,kb1902_01,2.9842984676361084,232.0,-0.04818045347929001,0.9988381266593933,232.0,0.020765753462910652,92.29801177978516,1.837756633758545,2.0
761964.7383457858,5348464.128268225,kb1902_01,2.9842870235443115,232.0,-0.048032354563474655,0.9988452792167664,231.0,0.020765753462910652,79.73188781738281,1.7747137546539307,2.0
761964.8079557912,5348464.128268225,kb1902_01,2.9802780151367188,225.0,-0.04346944019198418,0.9990543127059937,222.0,0.020765753462910652,71.33061981201172,1.7121796607971191,2.0
761964.8775657966,5348464.128268225,kb1902_01,2.972271203994751,219.0,-0.04332130774855614,0.9990607500076294,216.0,0.020765753462910652,73.26077270507812,1.6502121686935425,2.0
761964.9471758018,5348464.128268225,kb1902_01,2.9682509899139404,226.0,-0.0431731753051281,0.9990671277046204,223.0,0.020765753462910652,80.51355743408203,1.58887779712677,2.0
761965.0167858074,5348464.128268225,kb1902_01,2.9682509899139404,241.0,-0.04939465597271919,0.9987788200378418,239.0,0.020765753462910652,105.58554077148438,1.526666522026062,2.0
761965.0863958129,5348464.128268225,kb1902_01,2.9582300186157227,233.0,-0.049246564507484436,0.9987861514091492,232.0,0.020765753462910652,90.71500396728516,1.4634664058685303,2.0
761965.1560058184,5348464.128268225,kb1902_01,2.950223207473755,231.0,-0.04909847304224968,0.9987934231758118,230.0,0.020765753462910652,85.48013305664062,1.400874137878418,2.0
761965.2256158239,5348464.128268225,kb1902_01,2.936234951019287,234.0,-0.048950377851724625,0.9988006949424744,234.0,0.020765753462910652,67.24193572998047,1.3389750719070435,2.0
761965.2952258291,5348464.128268225,kb1902_01,2.9321954250335693,237.0,-0.04880228266119957,0.998807966709137,237.0,0.020765753462910652,71.03713989257812,1.277869701385498,2.0
761964.3902957586,5348464.058658223,kb1902_01,3.0021700859069824,233.0,-0.048654187470674515,0.9988151788711548,233.0,0.020765753462910652,83.30980682373047,2.0294628143310547,2.0
761964.4599057639,5348464.058658223,kb1902_01,3.0021588802337646,229.0,-0.04850609228014946,0.9988223910331726,229.0,0.020765753462910652,78.27342224121094,1.9700982570648193,2.0
761964.5295157696,5348464.058658223,kb1902_01,3.004161834716797,233.0,-0.048357993364334106,0.9988295435905457,232.0,0.020765753462910652,77.16558837890625,1.911425232887268,2.0
761964.5991257748,5348464.058658223,kb1902_01,2.995147943496704,232.0,-0.04820989444851875,0.9988367557525635,231.0,0.020765753462910652,75.03707122802734,1.8535091876983643,2.0
761964.6687357802,5348464.058658223,kb1902_01,2.9831433296203613,235.0,-0.0480617955327034,0.9988438487052917,232.0,0.020765753462910652,66.6611328125,1.7964236736297607,2.0
761964.7383457858,5348464.058658223,kb1902_01,2.9831321239471436,234.0,-0.04349888488650322,0.9990530014038086,232.0,0.020765753462910652,68.39818572998047,1.7402499914169312,2.0
761964.8079557912,5348464.058658223,kb1902_01,2.977108955383301,229.0,-0.04335075244307518,0.9990594387054443,228.0,0.020765753462910652,70.75154113769531,1.682201623916626,2.0
761964.8775657966,5348464.058658223,kb1902_01,2.970109224319458,241.0,-0.04320261999964714,0.9990658760070801,240.0,0.020765753462910652,76.45773315429688,1.6190873384475708,2.0
761964.9471758018,5348464.058658223,kb1902_01,2.9670653343200684,237.0,-0.04942409694194794,0.9987773895263672,235.0,0.020765753462910652,108.1561508178711,1.5565268993377686,2.0
761965.0167858074,5348464.058658223,kb1902_01,2.9670653343200684,235.0,-0.04927600547671318,0.9987846612930298,234.0,0.020765753462910652,107.0400390625,1.494590163230896,2.0
761965.0863958129,5348464.058658223,kb1902_01,2.9560678005218506,236.0,-0.049127910286188126,0.9987919926643372,235.0,0.020765753462910652,97.69808959960938,1.4333577156066895,2.0
761965.1560058184,5348464.058658223,kb1902_01,2.949037551879883,233.0,-0.04897981882095337,0.9987992644309998,231.0,0.020765753462910652,88.34455871582031,1.3711580038070679,2.0
761965.2256158239,5348464.058658223,kb1902_01,2.935049295425415,226.0,-0.048831723630428314,0.9988065361976624,225.0,0.020765753462910652,82.4928207397461,1.307853102684021,2.0
761965.2952258291,5348464.058658223,kb1902_01,2.9340310096740723,223.0,-0.04868362843990326,0.9988137483596802,222.0,0.020765753462910652,83.55158233642578,1.245221495628357,2.0
761964.3902957586,5348463.98904822,kb1902_01,3.0029985904693604,227.0,-0.048535533249378204,0.998820960521698,226.0,0.020765753462910652,79.07976531982422,1.994542121887207,2.0
761964.4599057639,5348463.98904822,kb1902_01,3.0019803047180176,237.0,-0.04838743433356285,0.998828113079071,235.0,0.020765753462910652,71.12245178222656,1.9341059923171997,2.0
761964.5295157696,5348463.98904822,kb1902_01,3.002976179122925,233.0,-0.0482393354177475,0.9988353252410889,230.0,0.020765753462910652,65.43525695800781,1.874306559562683,2.0
761964.5991257748,5348463.98904822,kb1902_01,2.992955207824707,237.0,-0.048091236501932144,0.9988424777984619,234.0,0.020765753462910652,62.325565338134766,1.8152066469192505,2.0
761964.6687357802,5348463.98904822,kb1902_01,2.9819576740264893,245.0,-0.04352833330631256,0.9990517497062683,242.0,0.020765753462910652,67.47563934326172,1.7568769454956055,2.0
761964.7383457858,5348463.98904822,kb1902_01,2.9819464683532715,252.0,-0.04338020086288452,0.999058187007904,252.0,0.020765753462910652,69.10671997070312,1.6993966102600098,2.0
761964.8079557912,5348463.98904822,kb1902_01,2.9739396572113037,253.0,-0.04323206841945648,0.9990646243095398,254.0,0.020765753462910652,73.57035064697266,1.642854928970337,2.0
761964.8775657966,5348463.98904822,kb1902_01,2.967916488647461,232.0,-0.04954839497804642,0.998763382434845,230.0,0.020765753462910652,104.54339599609375,1.5873522758483887,2.0
761964.9471758018,5348463.98904822,kb1902_01,2.9649033546447754,237.0,-0.04937159642577171,0.998772144317627,236.0,0.020765753462910652,105.97633361816406,1.526666522026062,2.0
761965.0167858074,5348463.98904822,kb1902_01,2.9649033546447754,244.0,-0.04919479414820671,0.9987809062004089,242.0,0.020765753462910652,95.43694305419922,1.4634664058685303,2.0
761965.0863958129,5348463.98904822,kb1902_01,2.9548821449279785,240.0,-0.04901798814535141,0.9987896680831909,236.0,0.020765753462910652,85.68004608154297,1.400874137878418,2.0
761965.1560058184,5348463.98904822,kb1902_01,2.9478824138641357,234.0,-0.04886116459965706,0.9987983107566833,231.0,0.020765753462910652,77.08385467529297,1.3389750719070435,2.0
761965.2256158239,5348463.98904822,kb1902_01,2.933863639831543,234.0,-0.048713069409132004,0.9988070130348206,232.0,0.020765753462910652,83.6214828491211,1.277869701385498,2.0
761965.2952258291,5348463.98904822,kb1902_01,2.93485951423645,239.0,-0.04856497049331665,0.9988155961036682,238.0,0.020765753462910652,79.5540771484375,1.215686321258545,2.0
761964.3902957586,5348463.919438217,kb1902_01,3.0026416778564453,245.0,-0.048416875302791595,0.9988242387771606,243.0,0.020765753462910652,68.96723175048828,1.9614709615707397,2.0
761964.4599057639,5348463.919438217,kb1902_01,3.0016233921051025,239.0,-0.04826877638697624,0.9988327622413635,237.0,0.020765753462910652,64.36507415771484,1.8999831676483154,2.0
761964.5295157696,5348463.919438217,kb1902_01,3.0016121864318848,238.0,-0.04812067374587059,0.9988410472869873,234.0,0.020765753462910652,69.04442596435547,1.8390746116638184,2.0
761964.5991257748,5348463.919438217,kb1902_01,2.991621732711792,247.0,-0.043557778000831604,0.9990504384040833,245.0,0.020765753462910652,72.35110473632812,1.7788045406341553,2.0
761964.6687357802,5348463.919438217,kb1902_01,2.979586362838745,254.0,-0.04340964928269386,0.9990569353103638,254.0,0.020765753462910652,80.61088562011719,1.7192400693893433,2.0
761964.7383457858,5348463.919438217,kb1902_01,2.9785985946655273,253.0,-0.04326151683926582,0.9990633130073547,251.0,0.020765753462910652,76.26097869873047,1.6604576110839844,2.0
761964.8079557912,5348463.919438217,kb1902_01,2.9715683460235596,227.0,-0.049857791513204575,0.9987479448318481,225.0,0.020765753462910652,91.91557312011719,1.602542519569397,2.0
761964.8775657966,5348463.919438217,kb1902_01,2.965575695037842,232.0,-0.04968099296092987,0.9987567663192749,229.0,0.020765753462910652,69.33602142333984,1.5455929040908813,2.0
761964.9471758018,5348463.919438217,kb1902_01,2.9625320434570312,238.0,-0.04950419440865517,0.9987655878067017,235.0,0.020765753462910652,82.61115264892578,1.489719033241272,2.0
761965.0167858074,5348463.919438217,kb1902_01,2.9625320434570312,242.0,-0.049327392131090164,0.9987743496894836,238.0,0.020765753462910652,60.49808120727539,1.435046911239624,2.0
761965.0863958129,5348463.919438217,kb1902_01,2.9525415897369385,242.0,-0.04915058985352516,0.9987831115722656,239.0,0.020765753462910652,55.91189956665039,1.3711580038070679,2.0
761965.1560058184,5348463.919438217,kb1902_01,2.9475255012512207,244.0,-0.04897378757596016,0.9987918138504028,242.0,0.020765753462910652,65.5543441772461,1.307853102684021,2.0
761965.2256158239,5348463.919438217,kb1902_01,2.935520887374878,247.0,-0.04879698157310486,0.99880051612854,245.0,0.020765753462910652,88.37405395507812,1.245221495628357,2.0
761965.2952258291,5348463.919438217,kb1902_01,2.93648624420166,250.0,-0.04862017184495926,0.9988091588020325,249.0,0.020765753462910652,81.33135986328125,1.1833699941635132,2.0
761964.3902957586,5348463.849828214,kb1902_01,3.0026416778564453,242.0,-0.04844336584210396,0.9988178014755249,240.0,0.020765753462910652,72.30968475341797,1.9303443431854248,2.0
761964.4599057639,5348463.849828214,kb1902_01,3.0016233921051025,230.0,-0.04826655611395836,0.9988263845443726,227.0,0.020765753462910652,75.41508483886719,1.8678323030471802,2.0
761964.5295157696,5348463.849828214,kb1902_01,3.0016121864318848,236.0,-0.04367497190833092,0.9990384578704834,233.0,0.020765753462910652,83.33870697021484,1.8058395385742188,2.0
761964.5991257748,5348463.849828214,kb1902_01,2.991621732711792,244.0,-0.043498121201992035,0.9990462064743042,242.0,0.020765753462910652,82.27008819580078,1.7444216012954712,2.0
761964.6687357802,5348463.849828214,kb1902_01,2.979586362838745,238.0,-0.04332127049565315,0.9990538954734802,236.0,0.020765753462910652,94.09750366210938,1.6836413145065308,2.0
761964.7383457858,5348463.849828214,kb1902_01,2.9785985946655273,224.0,-0.050167184323072433,0.9987323880195618,221.0,0.020765753462910652,45.96630096435547,1.623570203781128,2.0
761964.8079557912,5348463.849828214,kb1902_01,2.9715683460235596,222.0,-0.04999038949608803,0.9987412691116333,219.0,0.020765753462910652,50.1201171875,1.564290165901184,2.0
761964.8775657966,5348463.849828214,kb1902_01,2.965575695037842,227.0,-0.049813590943813324,0.9987501502037048,222.0,0.020765753462910652,61.158287048339844,1.5058945417404175,2.0
761964.9471758018,5348463.849828214,kb1902_01,2.9625320434570312,234.0,-0.04963679239153862,0.9987589716911316,229.0,0.020765753462910652,53.6739387512207,1.4484903812408447,2.0
761965.0167858074,5348463.849828214,kb1902_01,2.9625320434570312,243.0,-0.049459993839263916,0.9987677931785583,239.0,0.020765753462910652,47.518218994140625,1.392199993133545,2.0
761965.0863958129,5348463.849828214,kb1902_01,2.9525415897369385,244.0,-0.049283191561698914,0.9987765550613403,242.0,0.020765753462910652,64.55364227294922,1.3371645212173462,2.0
761965.1560058184,5348463.849828214,kb1902_01,2.9475255012512207,243.0,-0.04910638928413391,0.9987852573394775,241.0,0.020765753462910652,98.4532241821289,1.2797642946243286,2.0
761965.2256158239,5348463.849828214,kb1902_01,2.935520887374878,246.0,-0.04892958328127861,0.9987940192222595,245.0,0.020765753462910652,113.48866271972656,1.215686321258545,2.0
761965.2952258291,5348463.849828214,kb1902_01,2.93648624420166,235.0,-0.04875277727842331,0.998802661895752,234.0,0.020765753462910652,95.45572662353516,1.1522505283355713,2.0
761964.4599057639,5348463.780218212,kb1902_01,3.0024518966674805,231.0,-0.04398445412516594,0.9990248084068298,229.0,0.020765753462910652,73.89495849609375,1.837756633758545,2.0
761964.5295157696,5348463.780218212,kb1902_01,2.9994499683380127,237.0,-0.043807607144117355,0.9990326166152954,235.0,0.020765753462910652,84.75491333007812,1.7747137546539307,2.0
761964.5991257748,5348463.780218212,kb1902_01,2.98842191696167,230.0,-0.04363075643777847,0.9990403652191162,228.0,0.020765753462910652,91.70744323730469,1.7121796607971191,2.0
761964.7383457858,5348463.780218212,kb1902_01,2.9734153747558594,223.0,-0.05029977858066559,0.9987257122993469,219.0,0.020765753462910652,48.3360595703125,1.58887779712677,2.0
761964.8079557912,5348463.780218212,kb1902_01,2.9654083251953125,227.0,-0.05012298375368118,0.9987345933914185,221.0,0.020765753462910652,51.70562744140625,1.5282526016235352,2.0
761964.8775657966,5348463.780218212,kb1902_01,2.9623758792877197,234.0,-0.04994618892669678,0.99874347448349,228.0,0.020765753462910652,43.80546569824219,1.4684244394302368,2.0
761964.9471758018,5348463.780218212,kb1902_01,2.959362745285034,239.0,-0.04976939409971237,0.9987523555755615,234.0,0.020765753462910652,43.99384689331055,1.4094951152801514,2.0
761965.0167858074,5348463.780218212,kb1902_01,2.959362745285034,236.0,-0.04959259554743767,0.9987611770629883,233.0,0.020765753462910652,72.75042724609375,1.3515818119049072,2.0
761965.0863958129,5348463.780218212,kb1902_01,2.9513559341430664,232.0,-0.049415793269872665,0.998769998550415,231.0,0.020765753462910652,100.44746398925781,1.2948209047317505,2.0
761965.1560058184,5348463.780218212,kb1902_01,2.9453327655792236,233.0,-0.04923899099230766,0.998778760433197,233.0,0.020765753462910652,105.29051971435547,1.2393707036972046,2.0
761965.2256158239,5348463.780218212,kb1902_01,2.938333034515381,229.0,-0.04906218871474266,0.9987874627113342,229.0,0.020765753462910652,109.33980560302734,1.1854156255722046,2.0
761964.4599057639,5348463.710608209,kb1902_01,3.0022733211517334,238.0,-0.04411708563566208,0.9990189671516418,237.0,0.020765753462910652,93.23921966552734,1.8058395385742188,2.0
761964.7383457858,5348463.710608209,kb1902_01,2.9702155590057373,234.0,-0.05043237283825874,0.9987189769744873,229.0,0.020765753462910652,37.44589614868164,1.5565268993377686,2.0
761964.8079557912,5348463.710608209,kb1902_01,2.9632158279418945,234.0,-0.050255581736564636,0.9987279176712036,227.0,0.020765753462910652,39.177085876464844,1.494590163230896,2.0
761964.8775657966,5348463.710608209,kb1902_01,2.9611904621124268,229.0,-0.05007878690958023,0.9987368583679199,222.0,0.020765753462910652,38.7059326171875,1.4333577156066895,2.0
761964.9471758018,5348463.710608209,kb1902_01,2.958177089691162,226.0,-0.04990198835730553,0.9987457394599915,220.0,0.020765753462910652,51.521610260009766,1.3729238510131836,2.0
761965.0167858074,5348463.710608209,kb1902_01,2.958177089691162,233.0,-0.04972519353032112,0.9987545609474182,230.0,0.020765753462910652,84.83628845214844,1.313398838043213,2.0
761965.0863958129,5348463.710608209,kb1902_01,2.9511773586273193,238.0,-0.04954839497804642,0.998763382434845,237.0,0.020765753462910652,111.1055908203125,1.25491201877594,2.0
761965.1560058184,5348463.710608209,kb1902_01,2.9441471099853516,235.0,-0.049371592700481415,0.998772144317627,236.0,0.020765753462910652,108.10346984863281,1.1976157426834106,2.0
761965.2256158239,5348463.710608209,kb1902_01,2.939161539077759,234.0,-0.04919479042291641,0.9987809062004089,234.0,0.020765753462910652,99.34730529785156,1.1416889429092407,2.0
761964.7383457858,5348463.640998206,kb1902_01,2.9670462608337402,233.0,-0.0505649670958519,0.9987122416496277,229.0,0.020765753462910652,41.57227325439453,1.526666522026062,2.0
761964.8079557912,5348463.640998206,kb1902_01,2.9610230922698975,228.0,-0.05038817599415779,0.9987212419509888,222.0,0.020765753462910652,40.36031723022461,1.4634664058685303,2.0
761964.8775657966,5348463.640998206,kb1902_01,2.9590282440185547,223.0,-0.050211381167173386,0.9987301826477051,218.0,0.020765753462910652,44.467403411865234,1.400874137878418,2.0
761964.9471758018,5348463.640998206,kb1902_01,2.956015110015869,236.0,-0.05003458634018898,0.9987390637397766,233.0,0.020765753462910652,66.71321868896484,1.3389750719070435,2.0
761965.0167858074,5348463.640998206,kb1902_01,2.956015110015869,243.0,-0.049857791513204575,0.9987479448318481,242.0,0.020765753462910652,96.87174987792969,1.277869701385498,2.0
761965.0863958129,5348463.640998206,kb1902_01,2.9499917030334473,238.0,-0.04968099296092987,0.9987567663192749,238.0,0.020765753462910652,110.23797607421875,1.2176775932312012,2.0
761965.1560058184,5348463.640998206,kb1902_01,2.9429919719696045,233.0,-0.04950419068336487,0.9987655878067017,234.0,0.020765753462910652,132.77008056640625,1.158541202545166,2.0
761966.0609358889,5348531.232310845,kb1902_03,2.950178384780884,233.0,0.004853547550737858,0.9999884366989136,234.0,0.009707905352115631,38.70338439941406,2.157910108566284,2.0
761966.1305458945,5348531.232310845,kb1902_03,2.9461581707000732,238.0,0.004834349267184734,0.9999884963035583,238.0,0.009707905352115631,40.23573684692383,2.0882999897003174,2.0
761966.2001558999,5348531.232310845,kb1902_03,2.9461581707000732,230.0,0.004815325606614351,0.9999886155128479,228.0,0.009707905352115631,49.995845794677734,2.0186901092529297,2.0
761966.2697659053,5348531.232310845,kb1902_03,2.9341535568237305,229.0,0.004796127788722515,0.9999886751174927,226.0,0.009707905352115631,79.02013397216797,1.949079990386963,2.0
761966.3393759106,5348531.232310845,kb1902_03,2.9311516284942627,232.0,0.004777104128152132,0.9999887943267822,230.0,0.009707905352115631,161.58665466308594,1.8794699907302856,2.0
761966.0609358889,5348531.162700842,kb1902_03,2.948016405105591,240.0,0.004857910796999931,0.9999884963035583,241.0,0.009707905352115631,53.43925857543945,2.157910108566284,2.0
761966.1305458945,5348531.162700842,kb1902_03,2.943995952606201,235.0,0.004838887136429548,0.9999885559082031,235.0,0.009707905352115631,40.318443298339844,2.0882999897003174,2.0
761966.2001558999,5348531.162700842,kb1902_03,2.943995952606201,228.0,0.004819688852876425,0.9999886751174927,227.0,0.009707905352115631,46.716400146484375,2.0186901092529297,2.0
761966.2697659053,5348531.162700842,kb1902_03,2.9339749813079834,227.0,0.004800665657967329,0.9999887347221375,225.0,0.009707905352115631,71.15797424316406,1.949079990386963,2.0
761966.3393759106,5348531.162700842,kb1902_03,2.9309730529785156,237.0,0.0047814673744142056,0.999988853931427,236.0,0.009707905352115631,116.50492095947266,1.8794699907302856,2.0
761966.4089859161,5348531.162700842,kb1902_03,2.931938409805298,242.0,0.0047624437138438225,0.9999889135360718,241.0,0.009707905352115631,164.65130615234375,1.8098599910736084,2.0
761966.4785959218,5348531.162700842,kb1902_03,2.92893648147583,244.0,0.004743245895951986,0.9999890327453613,244.0,0.009707905352115631,149.05259704589844,1.7402499914169312,2.0
761965.9913258834,5348531.09309084,kb1902_03,2.9466633796691895,243.0,0.004881471861153841,0.9999884366989136,244.0,0.009707905352115631,94.7374496459961,2.227519989013672,2.0
761966.0609358889,5348531.09309084,kb1902_03,2.9466521739959717,248.0,0.004862274043262005,0.9999885559082031,249.0,0.009707905352115631,80.47539520263672,2.157910108566284,2.0
761966.1305458945,5348531.09309084,kb1902_03,2.941624879837036,251.0,0.004843250382691622,0.9999886155128479,251.0,0.009707905352115631,66.3234634399414,2.0882999897003174,2.0
761966.2001558999,5348531.09309084,kb1902_03,2.941624879837036,241.0,0.004824052099138498,0.9999887347221375,240.0,0.009707905352115631,48.908409118652344,2.0186901092529297,2.0
761966.2697659053,5348531.09309084,kb1902_03,2.9326109886169434,228.0,0.0048050289042294025,0.999988853931427,226.0,0.009707905352115631,47.35084533691406,1.949079990386963,2.0
761966.3393759106,5348531.09309084,kb1902_03,2.9315927028656006,233.0,0.004785830620676279,0.9999889135360718,231.0,0.009707905352115631,76.98148345947266,1.8794699907302856,2.0
761966.4089859161,5348531.09309084,kb1902_03,2.932588577270508,240.0,0.004766806960105896,0.9999890327453613,239.0,0.009707905352115631,130.93882751464844,1.8098599910736084,2.0
761966.4785959218,5348531.09309084,kb1902_03,2.928579330444336,240.0,0.00474760914221406,0.9999890923500061,239.0,0.009707905352115631,161.1625518798828,1.7402499914169312,2.0
761966.548205927,5348531.09309084,kb1902_03,2.920572519302368,240.0,0.004728585481643677,0.9999892115592957,240.0,0.009707905352115631,172.3132781982422,1.670639991760254,2.0
761965.7824958673,5348531.023480836,kb1902_03,2.9437062740325928,241.0,0.00469036353752017,0.9999882578849792,240.0,0.009707905352115631,101.55061340332031,2.436350107192993,2.0
761966.0609358889,5348531.023480836,kb1902_03,2.9466521739959717,239.0,0.0048668114468455315,0.9999886155128479,240.0,0.009707905352115631,106.66473388671875,2.157910108566284,2.0
761966.1305458945,5348531.023480836,kb1902_03,2.941624879837036,243.0,0.004847613628953695,0.9999887347221375,243.0,0.009707905352115631,94.17093658447266,2.0882999897003174,2.0
761966.2001558999,5348531.023480836,kb1902_03,2.941624879837036,250.0,0.004828589968383312,0.9999887943267822,249.0,0.009707905352115631,69.14187622070312,2.0186901092529297,2.0
761966.2697659053,5348531.023480836,kb1902_03,2.9326109886169434,240.0,0.004809391684830189,0.9999889135360718,238.0,0.009707905352115631,64.86568450927734,1.949079990386963,2.0
761966.3393759106,5348531.023480836,kb1902_03,2.9315927028656006,233.0,0.004790368489921093,0.9999889731407166,231.0,0.009707905352115631,63.03288269042969,1.8794699907302856,2.0
761966.4089859161,5348531.023480836,kb1902_03,2.932588577270508,234.0,0.0047711702063679695,0.9999890923500061,233.0,0.009707905352115631,88.38941955566406,1.8098599910736084,2.0
761966.4785959218,5348531.023480836,kb1902_03,2.928579330444336,231.0,0.0047521465457975864,0.9999892115592957,231.0,0.009707905352115631,134.83953857421875,1.7402499914169312,2.0
761966.548205927,5348531.023480836,kb1902_03,2.920572519302368,229.0,0.00473294872790575,0.9999892711639404,229.0,0.009707905352115631,150.78001403808594,1.670639991760254,2.0
761966.6178159326,5348531.023480836,kb1902_03,2.9065537452697754,239.0,0.004713925067335367,0.99998939037323,240.0,0.009707905352115631,139.3909149169922,1.6010299921035767,2.0
761965.7824958673,5348530.953870834,kb1902_03,2.944504499435425,236.0,0.004694726783782244,0.9999883770942688,236.0,0.009707905352115631,101.47064971923828,2.436350107192993,2.0
761965.8521058727,5348530.953870834,kb1902_03,2.939488410949707,230.0,0.004675703588873148,0.9999884963035583,230.0,0.009707905352115631,100.37274169921875,2.3667399883270264,2.0
761965.9217158782,5348530.953870834,kb1902_03,2.94350528717041,228.0,0.0046565053053200245,0.9999886155128479,228.0,0.009707905352115631,102.34080505371094,2.2971301078796387,2.0
761966.0609358889,5348530.953870834,kb1902_03,2.9434828758239746,242.0,0.004871174693107605,0.9999887943267822,242.0,0.009707905352115631,92.31722259521484,2.157910108566284,2.0
761966.1305458945,5348530.953870834,kb1902_03,2.938455581665039,229.0,0.004851976875215769,0.9999889135360718,229.0,0.009707905352115631,84.9054183959961,2.0882999897003174,2.0
761966.2001558999,5348530.953870834,kb1902_03,2.938455581665039,231.0,0.004832953214645386,0.9999890327453613,230.0,0.009707905352115631,84.61750793457031,2.0186901092529297,2.0
761966.2697659053,5348530.953870834,kb1902_03,2.9324324131011963,245.0,0.004811486229300499,0.9999890923500061,244.0,0.009707905352115631,71.21492767333984,1.949079990386963,2.0
761966.3393759106,5348530.953870834,kb1902_03,2.9324212074279785,242.0,0.004789844620972872,0.9999892115592957,241.0,0.009707905352115631,80.5273666381836,1.8794699907302856,2.0
761966.4089859161,5348530.953870834,kb1902_03,2.9334170818328857,234.0,0.0047680288553237915,0.9999893307685852,233.0,0.009707905352115631,95.03126525878906,1.8098599910736084,2.0
761966.4785959218,5348530.953870834,kb1902_03,2.928400993347168,232.0,0.004746387246996164,0.99998939037323,232.0,0.009707905352115631,123.81165313720703,1.7402499914169312,2.0
761966.548205927,5348530.953870834,kb1902_03,2.9203941822052,226.0,0.004724571481347084,0.9999895095825195,226.0,0.009707905352115631,130.06227111816406,1.670639991760254,2.0
761966.6178159326,5348530.953870834,kb1902_03,2.9063751697540283,227.0,0.004702929873019457,0.9999896287918091,227.0,0.009707905352115631,117.84300231933594,1.6010299921035767,2.0
761965.7824958673,5348530.884260832,kb1902_03,2.9453330039978027,239.0,0.00468128826469183,0.9999886155128479,239.0,0.009707905352115631,112.72972869873047,2.436350107192993,2.0
761965.8521058727,5348530.884260832,kb1902_03,2.93930983543396,229.0,0.004659472499042749,0.9999887347221375,230.0,0.009707905352115631,97.09886169433594,2.3667399883270264,2.0
761965.9217158782,5348530.884260832,kb1902_03,2.942319869995117,220.0,0.004637830890715122,0.999988853931427,222.0,0.009707905352115631,91.39339447021484,2.2971301078796387,2.0
761965.9913258834,5348530.884260832,kb1902_03,2.9413015842437744,217.0,0.004616014659404755,0.9999889135360718,219.0,0.009707905352115631,107.17223358154297,2.227519989013672,2.0
761966.0609358889,5348530.884260832,kb1902_03,2.9412901401519775,207.0,0.004594373516738415,0.9999890327453613,208.0,0.009707905352115631,129.6057586669922,2.157910108566284,2.0
761966.1305458945,5348530.884260832,kb1902_03,2.936262845993042,228.0,0.004829113371670246,0.9999891519546509,227.0,0.009707905352115631,76.46092224121094,2.0882999897003174,2.0
761966.2001558999,5348530.884260832,kb1902_03,2.936262845993042,228.0,0.004807297606021166,0.9999892115592957,228.0,0.009707905352115631,70.3352279663086,2.0186901092529297,2.0
761966.2697659053,5348530.884260832,kb1902_03,2.931246757507324,234.0,0.004785655997693539,0.9999893307685852,233.0,0.009707905352115631,61.89638900756836,1.949079990386963,2.0
761966.3393759106,5348530.884260832,kb1902_03,2.9322426319122314,244.0,0.0047640143893659115,0.9999894499778748,243.0,0.009707905352115631,64.42988586425781,1.8794699907302856,2.0
761966.4089859161,5348530.884260832,kb1902_03,2.9332385063171387,239.0,0.004742198623716831,0.9999895095825195,239.0,0.009707905352115631,70.14956665039062,1.8098599910736084,2.0
761966.4785959218,5348530.884260832,kb1902_03,2.928222417831421,233.0,0.004720557015389204,0.9999896287918091,233.0,0.009707905352115631,99.7138671875,1.7402499914169312,2.0
761966.548205927,5348530.884260832,kb1902_03,2.919208526611328,237.0,0.004698741249740124,0.9999897480010986,237.0,0.009707905352115631,120.1150131225586,1.670639991760254,2.0
761966.6178159326,5348530.884260832,kb1902_03,2.9061968326568604,230.0,0.004677099641412497,0.9999898076057434,230.0,0.009707905352115631,106.35505676269531,1.6010299921035767,2.0
761965.7824958673,5348530.814650829,kb1902_03,2.9461615085601807,229.0,0.004655283410102129,0.999988853931427,228.0,0.009707905352115631,107.22991180419922,2.436350107192993,2.0
761965.8521058727,5348530.814650829,kb1902_03,2.938154697418213,237.0,0.004633642267435789,0.9999889731407166,237.0,0.009707905352115631,105.79965209960938,2.3667399883270264,2.0
761965.9217158782,5348530.814650829,kb1902_03,2.94012713432312,233.0,0.004612000659108162,0.9999890327453613,233.0,0.009707905352115631,83.73201751708984,2.2971301078796387,2.0
761965.9913258834,5348530.814650829,kb1902_03,2.9401159286499023,226.0,0.004590184427797794,0.9999891519546509,227.0,0.009707905352115631,88.56945037841797,2.227519989013672,2.0
761966.0609358889,5348530.814650829,kb1902_03,2.9390976428985596,217.0,0.0045685432851314545,0.9999892711639404,219.0,0.009707905352115631,107.75918579101562,2.157910108566284,2.0
761966.1305458945,5348530.814650829,kb1902_03,2.93410062789917,212.0,0.004546727053821087,0.9999893307685852,213.0,0.009707905352115631,136.54690551757812,2.0882999897003174,2.0
761966.2001558999,5348530.814650829,kb1902_03,2.93410062789917,240.0,0.0047814673744142056,0.9999894499778748,239.0,0.009707905352115631,51.42333221435547,2.0186901092529297,2.0
761966.2697659053,5348530.814650829,kb1902_03,2.931068181991577,239.0,0.004759825766086578,0.9999895691871643,238.0,0.009707905352115631,54.70106506347656,1.949079990386963,2.0
761966.3393759106,5348530.814650829,kb1902_03,2.9330711364746094,238.0,0.004738010000437498,0.9999896287918091,237.0,0.009707905352115631,60.60517120361328,1.8794699907302856,2.0
761966.4089859161,5348530.814650829,kb1902_03,2.9330599308013916,235.0,0.004716368392109871,0.9999897480010986,235.0,0.009707905352115631,61.6817626953125,1.8098599910736084,2.0
761966.4785959218,5348530.814650829,kb1902_03,2.928043842315674,233.0,0.004694726783782244,0.9999898672103882,233.0,0.009707905352115631,76.79102325439453,1.7402499914169312,2.0
761966.548205927,5348530.814650829,kb1902_03,2.919029951095581,240.0,0.0046729110181331635,0.999989926815033,240.0,0.009707905352115631,95.54222869873047,1.670639991760254,2.0
761966.6178159326,5348530.814650829,kb1902_03,2.9060182571411133,245.0,0.004651269409805536,0.9999900460243225,246.0,0.009707905352115631,109.19546508789062,1.6010299921035767,2.0
761965.7824958673,5348530.745040826,kb1902_03,2.9459829330444336,237.0,0.004629453644156456,0.9999890923500061,236.0,0.009707905352115631,107.11807250976562,2.436350107192993,2.0
761965.8521058727,5348530.745040826,kb1902_03,2.937976121902466,233.0,0.004607812035828829,0.9999891519546509,232.0,0.009707905352115631,93.97698211669922,2.3667399883270264,2.0
761965.9217158782,5348530.745040826,kb1902_03,2.938941478729248,235.0,0.004586170427501202,0.9999892711639404,233.0,0.009707905352115631,78.31666564941406,2.2971301078796387,2.0
761965.9913258834,5348530.745040826,kb1902_03,2.9379537105560303,234.0,0.004564354661852121,0.99998939037323,234.0,0.009707905352115631,82.01663208007812,2.227519989013672,2.0
761966.0609358889,5348530.745040826,kb1902_03,2.9369354248046875,229.0,0.004542713053524494,0.9999894499778748,230.0,0.009707905352115631,97.49612426757812,2.157910108566284,2.0
761966.1305458945,5348530.745040826,kb1902_03,2.931908130645752,222.0,0.004520896822214127,0.9999895691871643,224.0,0.009707905352115631,124.16968536376953,2.0882999897003174,2.0
761966.2001558999,5348530.745040826,kb1902_03,2.931908130645752,230.0,0.004499255213886499,0.9999896883964539,231.0,0.009707905352115631,122.25035858154297,2.0186901092529297,2.0
761966.2697659053,5348530.745040826,kb1902_03,2.929913282394409,250.0,0.004733996000140905,0.9999897480010986,249.0,0.009707905352115631,48.98012161254883,1.949079990386963,2.0
761966.3393759106,5348530.745040826,kb1902_03,2.9328925609588623,245.0,0.004712179768830538,0.9999898672103882,244.0,0.009707905352115631,67.75897979736328,1.8794699907302856,2.0
761966.4089859161,5348530.745040826,kb1902_03,2.9328813552856445,233.0,0.004690538160502911,0.9999899864196777,233.0,0.009707905352115631,70.14265441894531,1.8098599910736084,2.0
761966.4785959218,5348530.745040826,kb1902_03,2.9278652667999268,226.0,0.004668897017836571,0.9999900460243225,226.0,0.009707905352115631,75.07112884521484,1.7402499914169312,2.0
761966.548205927,5348530.745040826,kb1902_03,2.918851375579834,233.0,0.004647080786526203,0.9999901652336121,234.0,0.009707905352115631,95.56204223632812,1.670639991760254,2.0
761966.6178159326,5348530.745040826,kb1902_03,2.905839681625366,245.0,0.004625439178198576,0.9999902248382568,246.0,0.009707905352115631,118.34784698486328,1.6010299921035767,2.0
761965.7824958673,5348530.675430823,kb1902_03,2.9458043575286865,246.0,0.004603623412549496,0.9999892711639404,246.0,0.009707905352115631,123.02985382080078,2.436350107192993,2.0
761965.8521058727,5348530.675430823,kb1902_03,2.9377975463867188,236.0,0.0045819818042218685,0.99998939037323,234.0,0.009707905352115631,120.15137481689453,2.3667399883270264,2.0
761965.9217158782,5348530.675430823,kb1902_03,2.936779260635376,232.0,0.004560165572911501,0.9999895095825195,230.0,0.009707905352115631,91.73167419433594,2.2971301078796387,2.0
761965.9913258834,5348530.675430823,kb1902_03,2.936768054962158,234.0,0.004538524430245161,0.9999895691871643,232.0,0.009707905352115631,88.31024169921875,2.227519989013672,2.0
761966.0609358889,5348530.675430823,kb1902_03,2.9347426891326904,234.0,0.004516882821917534,0.9999896883964539,233.0,0.009707905352115631,100.75735473632812,2.157910108566284,2.0
761966.1305458945,5348530.675430823,kb1902_03,2.93072247505188,222.0,0.004495066590607166,0.9999898076057434,223.0,0.009707905352115631,101.50374603271484,2.0882999897003174,2.0
761966.2001558999,5348530.675430823,kb1902_03,2.93072247505188,217.0,0.004473425447940826,0.9999898672103882,219.0,0.009707905352115631,107.56905364990234,2.0186901092529297,2.0
761966.2697659053,5348530.675430823,kb1902_03,2.930711269378662,234.0,0.004451609216630459,0.9999899864196777,235.0,0.009707905352115631,101.710693359375,1.949079990386963,2.0
761966.3393759106,5348530.675430823,kb1902_03,2.9337213039398193,252.0,0.0046863495372235775,0.9999900460243225,250.0,0.009707905352115631,95.463623046875,1.8794699907302856,2.0
761966.4089859161,5348530.675430823,kb1902_03,2.9327030181884766,246.0,0.00466470792889595,0.9999901056289673,244.0,0.009707905352115631,90.55892944335938,1.8098599910736084,2.0
761966.4785959218,5348530.675430823,kb1902_03,2.928694009780884,234.0,0.0046430667862296104,0.9999902248382568,233.0,0.009707905352115631,85.4365234375,1.7402499914169312,2.0
761966.548205927,5348530.675430823,kb1902_03,2.917665719985962,227.0,0.004621250554919243,0.9999902844429016,227.0,0.009707905352115631,112.04829406738281,1.670639991760254,2.0
761966.6178159326,5348530.675430823,kb1902_03,2.904654026031494,226.0,0.004599608946591616,0.9999904036521912,227.0,0.009707905352115631,127.88494110107422,1.6010299921035767,2.0
761965.7824958673,5348530.605820821,kb1902_03,2.9446189403533936,236.0,0.004577793180942535,0.9999894499778748,236.0,0.009707905352115631,135.88368225097656,2.436350107192993,2.0
761965.8521058727,5348530.605820821,kb1902_03,2.937619209289551,244.0,0.004556151572614908,0.9999895095825195,243.0,0.009707905352115631,136.01705932617188,2.3667399883270264,2.0
761965.9217158782,5348530.605820821,kb1902_03,2.935593605041504,233.0,0.004534335806965828,0.9999896287918091,231.0,0.009707905352115631,123.50999450683594,2.2971301078796387,2.0
761965.9913258834,5348530.605820821,kb1902_03,2.934575319290161,220.0,0.004512694198638201,0.9999896883964539,216.0,0.009707905352115631,113.0784683227539,2.227519989013672,2.0
761966.0609358889,5348530.605820821,kb1902_03,2.9325804710388184,223.0,0.004491052590310574,0.9999898076057434,219.0,0.009707905352115631,90.69059753417969,2.157910108566284,2.0
761966.1305458945,5348530.605820821,kb1902_03,2.928560256958008,222.0,0.004469236359000206,0.9999898672103882,220.0,0.009707905352115631,90.23839569091797,2.0882999897003174,2.0
761966.2001558999,5348530.605820821,kb1902_03,2.928560256958008,215.0,0.004447595216333866,0.999989926815033,215.0,0.009707905352115631,90.77055358886719,2.0186901092529297,2.0
761966.2697659053,5348530.605820821,kb1902_03,2.930532693862915,215.0,0.004425953608006239,0.9999900460243225,216.0,0.009707905352115631,91.42208099365234,1.949079990386963,2.0
761966.3393759106,5348530.605820821,kb1902_03,2.9335427284240723,238.0,0.00440745335072279,0.9999901056289673,238.0,0.009707905352115631,83.71322631835938,1.8794699907302856,2.0
761966.4089859161,5348530.605820821,kb1902_03,2.9325244426727295,250.0,0.004638878162950277,0.9999902248382568,248.0,0.009707905352115631,73.80879974365234,1.8098599910736084,2.0
761966.4785959218,5348530.605820821,kb1902_03,2.9285154342651367,246.0,0.00461706193163991,0.9999902844429016,244.0,0.009707905352115631,73.78556823730469,1.7402499914169312,2.0
761966.548205927,5348530.605820821,kb1902_03,2.917487382888794,236.0,0.004596118349581957,0.9999903440475464,235.0,0.009707905352115631,124.6812515258789,1.670639991760254,2.0
761966.6178159326,5348530.605820821,kb1902_03,2.905482769012451,228.0,0.004577618557959795,0.9999904632568359,228.0,0.009707905352115631,141.38986206054688,1.6010299921035767,2.0
761965.8521058727,5348530.536210817,kb1902_03,2.9364335536956787,227.0,0.004540618509054184,0.9999896287918091,226.0,0.009707905352115631,127.14949035644531,2.3667399883270264,2.0
761965.9217158782,5348530.536210817,kb1902_03,2.933431625366211,242.0,0.004522118717432022,0.9999896883964539,239.0,0.009707905352115631,154.3778076171875,2.2971301078796387,2.0
761965.9913258834,5348530.536210817,kb1902_03,2.933420419692993,238.0,0.004503618460148573,0.9999897480010986,235.0,0.009707905352115631,120.27847290039062,2.227519989013672,2.0
761966.0609358889,5348530.536210817,kb1902_03,2.9303879737854004,221.0,0.004484944045543671,0.9999898672103882,219.0,0.009707905352115631,110.2992935180664,2.157910108566284,2.0
761966.1305458945,5348530.536210817,kb1902_03,2.9263675212860107,211.0,0.004466444253921509,0.999989926815033,209.0,0.009707905352115631,102.1829605102539,2.0882999897003174,2.0
761966.2001558999,5348530.536210817,kb1902_03,2.9263675212860107,210.0,0.00444794399663806,0.9999900460243225,210.0,0.009707905352115631,86.25267791748047,2.0186901092529297,2.0
761966.2697659053,5348530.536210817,kb1902_03,2.931361198425293,215.0,0.004429444205015898,0.9999901056289673,215.0,0.009707905352115631,99.8865737915039,1.949079990386963,2.0
761966.3393759106,5348530.536210817,kb1902_03,2.934340715408325,223.0,0.004410943947732449,0.9999901652336121,223.0,0.009707905352115631,86.6309814453125,1.8794699907302856,2.0
761966.4089859161,5348530.536210817,kb1902_03,2.9323458671569824,238.0,0.004392269533127546,0.9999902844429016,239.0,0.009707905352115631,75.43744659423828,1.8098599910736084,2.0
761966.548205927,5348530.536210817,kb1902_03,2.917308807373047,247.0,0.004599608946591616,0.9999904036521912,244.0,0.009707905352115631,79.72592163085938,1.670639991760254,2.0
761966.6178159326,5348530.536210817,kb1902_03,2.907318353652954,243.0,0.004581109154969454,0.9999905228614807,241.0,0.009707905352115631,112.98414611816406,1.6010299921035767,2.0
761965.8521058727,5348530.466600815,kb1902_03,2.9370834827423096,226.0,0.004544109106063843,0.9999896883964539,224.0,0.009707905352115631,123.8360824584961,2.3667399883270264,2.0
761965.9217158782,5348530.466600815,kb1902_03,2.933074474334717,226.0,0.004525609314441681,0.9999897480010986,224.0,0.009707905352115631,161.3061065673828,2.2971301078796387,2.0
761965.9913258834,5348530.466600815,kb1902_03,2.933063268661499,234.0,0.004507109057158232,0.9999898076057434,231.0,0.009707905352115631,180.70826721191406,2.227519989013672,2.0
761966.0609358889,5348530.466600815,kb1902_03,2.9290542602539062,240.0,0.0044884346425533295,0.999989926815033,237.0,0.009707905352115631,114.79769897460938,2.157910108566284,2.0
761966.1305458945,5348530.466600815,kb1902_03,2.9250340461730957,241.0,0.004469934850931168,0.9999899864196777,239.0,0.009707905352115631,101.43962860107422,2.0882999897003174,2.0
761966.2001558999,5348530.466600815,kb1902_03,2.9250340461730957,236.0,0.004451434593647718,0.9999901056289673,233.0,0.009707905352115631,95.42426300048828,2.0186901092529297,2.0
761966.2697659053,5348530.466600815,kb1902_03,2.929020643234253,225.0,0.0044329348020255566,0.9999901652336121,224.0,0.009707905352115631,116.89131164550781,1.949079990386963,2.0
761966.3393759106,5348530.466600815,kb1902_03,2.932000160217285,221.0,0.004414434544742107,0.9999902248382568,221.0,0.009707905352115631,108.3936538696289,1.8794699907302856,2.0
761966.4089859161,5348530.466600815,kb1902_03,2.9299745559692383,219.0,0.0043959347531199455,0.9999903440475464,220.0,0.009707905352115631,93.31024932861328,1.8098599910736084,2.0
761965.9217158782,5348530.396990811,kb1902_03,2.933074474334717,233.0,0.00452909991145134,0.9999898076057434,231.0,0.009707905352115631,158.66725158691406,2.2971301078796387,2.0
761965.9913258834,5348530.396990811,kb1902_03,2.933063268661499,233.0,0.0045105996541678905,0.999989926815033,230.0,0.009707905352115631,188.45997619628906,2.227519989013672,2.0
761966.0609358889,5348530.396990811,kb1902_03,2.9290542602539062,234.0,0.004491925239562988,0.9999899864196777,232.0,0.009707905352115631,200.03005981445312,2.157910108566284,2.0
761966.1305458945,5348530.396990811,kb1902_03,2.9250340461730957,234.0,0.004473425447940826,0.9999900460243225,233.0,0.009707905352115631,131.65692138671875,2.0882999897003174,2.0
761966.2001558999,5348530.396990811,kb1902_03,2.9250340461730957,234.0,0.004454925190657377,0.9999901652336121,234.0,0.009707905352115631,101.30744171142578,2.0186901092529297,2.0
761966.2697659053,5348530.396990811,kb1902_03,2.929020643234253,228.0,0.004436425399035215,0.9999902248382568,228.0,0.009707905352115631,91.58229064941406,1.949079990386963,2.0
761966.3393759106,5348530.396990811,kb1902_03,2.932000160217285,223.0,0.004417925141751766,0.9999903440475464,224.0,0.009707905352115631,98.25033569335938,1.8794699907302856,2.0
761966.4089859161,5348530.396990811,kb1902_03,2.9299745559692383,221.0,0.004399425350129604,0.9999904036521912,222.0,0.009707905352115631,84.1002426147461,1.8098599910736084,2.0
